{"reward": 1.0, "steps": 3376, "_timestamp": 1681490659.931399, "_runtime": 1306.7067890167236, "_step": 1174, "Model/reward_loss": 0.03038869984447956, "Model/div": 0.09242958575487137, "Model/av_action_loss": 0.019572602584958076, "Model/reconstruction_loss": 0.039290651679039, "Model/info_loss": 0.0034989623818546534, "Model/pcont_loss": 0.005392022896558046, "ActionModel/reward_loss": 0.027010727673768997, "ActionModel/div": 0.00686826603487134, "ActionModel/av_action_loss": 0.0005623709294013679, "ActionModel/reconstruction_loss": 0.00013430863327812403, "ActionModel/info_loss": 0.02213122695684433, "ActionModel/pcont_loss": 8.788611012278125e-06, "Value/Max reward": 1.4195847511291504, "Value/Min reward": -0.14348044991493225, "Value/Reward": 0.1587097942829132, "Value/Discount": 0.9049178957939148, "Value/Value": 6.374520301818848, "Agent/Returns": 6.321132183074951, "Agent/val_loss": 0.26921772956848145, "Agent/actor_loss": -0.005008274223655462, "Policy/Entropy": -0.10096239298582077, "Policy/Mean action": 3.7825002670288086, "_wandb": {"runtime": 1309}}