{"reward": 0.0, "steps": 6610, "_timestamp": 1681582907.343032, "_runtime": 576.340833902359, "_step": 307, "Model/reward_loss": 0.0007935593603178859, "Model/div": 0.07452742755413055, "Model/av_action_loss": 0.0024148046504706144, "Model/reconstruction_loss": 0.027227865532040596, "Model/info_loss": 0.00021409544569905847, "Model/pcont_loss": 0.00022877629089634866, "Value/Max reward": 0.40038561820983887, "Value/Min reward": -0.02589522674679756, "Value/Reward": 0.029415737837553024, "Value/Discount": 0.9968702793121338, "Value/Value": 0.0131458705291152, "Agent/Returns": 0.08672719448804855, "Policy/Entropy": -0.21806885302066803, "Policy/Mean action": 1.1085000038146973, "Agent/val_loss": 0.053847648203372955, "Agent/actor_loss": 0.016869282349944115, "_wandb": {"runtime": 582}}