{"reward": 0.0, "steps": 311, "_timestamp": 1681659205.5476036, "_runtime": 12.740198612213135, "_step": 2, "_wandb": {"runtime": 14}}