{"reward": 0.0, "steps": 443, "_timestamp": 1681659300.9248445, "_runtime": 41.11546754837036, "_step": 6, "Model/reward_loss": 0.00282408413477242, "Model/div": 0.9734390377998352, "Model/av_action_loss": 1.0858118534088135, "Model/reconstruction_loss": 0.6502246856689453, "Model/info_loss": 1.3844890594482422, "Model/pcont_loss": 0.041692283004522324, "ActionModel/reward_loss": 0.015409472398459911, "ActionModel/div": 0.20338794589042664, "ActionModel/av_action_loss": 1.3744118213653564, "ActionModel/reconstruction_loss": 1.1897867918014526, "ActionModel/info_loss": 2.3046183586120605, "ActionModel/pcont_loss": 0.10580284148454666, "_wandb": {"runtime": 43}}