{"reward": 0.0, "steps": 270, "_timestamp": 1681575011.9507585, "_runtime": 10.852022409439087, "_step": 0, "_wandb": {"runtime": 15}}