{"reward": 0.0, "steps": 396, "_timestamp": 1681853983.1699111, "_runtime": 14.650126218795776, "_step": 1, "_wandb": {"runtime": 31}}