{"reward": 0.0, "steps": 448, "_timestamp": 1681856173.4389603, "_runtime": 32.28612232208252, "_step": 8, "Model/reward_loss": 0.022800806909799576, "Model/div": 0.019333764910697937, "Model/av_action_loss": 4.079831600189209, "Model/reconstruction_loss": 1.3641963005065918, "Model/info_loss": 1.7736393213272095, "Model/pcont_loss": 0.1535094976425171, "Value/Max reward": 0.1581689864397049, "Value/Min reward": -0.16328121721744537, "Value/Reward": -0.03989436849951744, "Value/Discount": 0.9882853627204895, "Value/Value": -0.986069917678833, "Agent/Returns": -1.0222009420394897, "_wandb": {"runtime": 31}}