{"reward": 0.0, "steps": 473, "_timestamp": 1681855662.4985087, "_runtime": 34.74117469787598, "_step": 6, "Model/reward_loss": 0.01371902134269476, "Model/div": 0.22457195818424225, "Model/av_action_loss": 3.32552433013916, "Model/reconstruction_loss": 1.0549814701080322, "Model/info_loss": 1.7408537864685059, "Model/pcont_loss": 0.09409506618976593, "Value/Max reward": 0.22541770339012146, "Value/Min reward": -0.17140984535217285, "Value/Reward": 0.035251177847385406, "Value/Discount": 0.9955844879150391, "Value/Value": -2.0829594135284424, "Agent/Returns": -1.936591625213623, "_wandb": {"runtime": 34}}