{"reward": 0.0, "steps": 1288, "_timestamp": 1681860169.334293, "_runtime": 205.0140998363495, "_step": 41, "ActionModel/reward_loss": 0.0, "ActionModel/div": 0.09327025711536407, "ActionModel/av_action_loss": 0.19065231084823608, "ActionModel/reconstruction_loss": 0.013690137304365635, "ActionModel/info_loss": 0.0, "ActionModel/pcont_loss": 0.0, "Model/reward_loss": 0.003780197585001588, "Model/div": 0.19431297481060028, "Model/av_action_loss": 0.14435601234436035, "Model/reconstruction_loss": 0.24409052729606628, "Model/info_loss": 0.11153795570135117, "Model/pcont_loss": 0.019695881754159927, "_wandb": {"runtime": 205}}