{"reward": 0.0, "steps": 4857, "_timestamp": 1681658290.543546, "_runtime": 1959.8330869674683, "_step": 963, "ActionModel/reward_loss": 0.008476777002215385, "ActionModel/div": 0.04467151314020157, "ActionModel/av_action_loss": 0.0018687666160985827, "ActionModel/reconstruction_loss": 0.0014400380896404386, "ActionModel/info_loss": 0.03980924189090729, "ActionModel/pcont_loss": 1.2779609050994623e-06, "Model/reward_loss": 0.0312773659825325, "Model/div": 0.02950344607234001, "Model/av_action_loss": 0.048656921833753586, "Model/reconstruction_loss": 0.02575581893324852, "Model/info_loss": 0.0010138934012502432, "Model/pcont_loss": 0.01485721580684185, "Value/Max reward": 1.6143231391906738, "Value/Min reward": -0.09834814816713333, "Value/Reward": 0.15596413612365723, "Value/Discount": 0.9545383453369141, "Value/Value": 6.403402805328369, "Agent/Returns": 6.444958686828613, "Policy/Entropy": -0.0925891250371933, "Policy/Mean action": 3.798295259475708, "Agent/val_loss": 0.04073972627520561, "Agent/actor_loss": -0.0006137295276857913, "_wandb": {"runtime": 1962}}