{"reward": 0.0, "steps": 439, "_timestamp": 1681665321.1474087, "_runtime": 31.250073671340942, "_step": 9, "Model/reward_loss": 0.006947802379727364, "Model/div": 0.5199718475341797, "Model/av_action_loss": 1.2637466192245483, "Model/reconstruction_loss": 0.7743784189224243, "Model/info_loss": 1.3153736591339111, "Model/pcont_loss": 0.10538972169160843, "_wandb": {"runtime": 31}}