{"reward": 0.0, "steps": 45, "_timestamp": 1681663027.2822273, "_runtime": 8.510486364364624, "_step": 0, "_wandb": {"runtime": 10}}