{"reward": 0.0, "steps": 2881, "_timestamp": 1681857166.126813, "_runtime": 231.7126920223236, "_step": 138, "Model/reward_loss": 0.0010495996102690697, "Model/div": 0.1579502522945404, "Model/av_action_loss": 0.11402874439954758, "Model/reconstruction_loss": 0.14041674137115479, "Model/info_loss": 0.0074821836315095425, "Model/pcont_loss": 0.029863670468330383, "Value/Max reward": 0.2643328905105591, "Value/Min reward": -0.06116097420454025, "Value/Reward": 0.020621933043003082, "Value/Discount": 0.9870825409889221, "Value/Value": 1.7031890153884888, "Agent/Returns": 1.7559950351715088, "Agent/val_loss": 0.005427867639809847, "Agent/actor_loss": -0.017407065257430077, "Policy/Entropy": -0.620984673500061, "Policy/Mean action": 2.3550000190734863, "_wandb": {"runtime": 233}}