{"reward": 0.0, "steps": 441, "_timestamp": 1681856303.656632, "_runtime": 31.230852842330933, "_step": 10, "Model/reward_loss": 0.008522498421370983, "Model/div": 0.8648241758346558, "Model/av_action_loss": 1.329864740371704, "Model/reconstruction_loss": 0.7461481690406799, "Model/info_loss": 1.391536831855774, "Model/pcont_loss": 0.09724655747413635, "Value/Max reward": 0.16951140761375427, "Value/Min reward": -0.10977306962013245, "Value/Reward": 0.023752395063638687, "Value/Discount": 0.9853190183639526, "Value/Value": -0.16441746056079865, "_wandb": {"runtime": 30}}