{"reward": 0.0, "steps": 575, "_timestamp": 1681858739.8295805, "_runtime": 105.1417944431305, "_step": 38, "ActionModel/reward_loss": 0.01403621956706047, "ActionModel/div": 0.1278354972600937, "ActionModel/av_action_loss": 1.2871729135513306, "ActionModel/reconstruction_loss": 1.083584189414978, "ActionModel/info_loss": 2.6232705116271973, "ActionModel/pcont_loss": 0.011944527737796307, "Model/reward_loss": 0.007568168919533491, "Model/div": 0.22197774052619934, "Model/av_action_loss": 0.7516493201255798, "Model/reconstruction_loss": 0.49635711312294006, "Model/info_loss": 1.2224795818328857, "Model/pcont_loss": 0.03859909623861313, "Value/Max reward": 0.12577565014362335, "Value/Min reward": -0.1564025580883026, "Value/Reward": 0.01731296069920063, "Value/Discount": 0.972675085067749, "Value/Value": 0.28746697306632996, "Agent/Returns": 0.3134607970714569, "Policy/Entropy": -1.2262786626815796, "Policy/Mean action": 2.2825000286102295, "Agent/val_loss": 0.004795815795660019, "Agent/actor_loss": -0.004204902797937393, "_wandb": {"runtime": 105}}