{"reward": 0.0, "steps": 2489, "_timestamp": 1681582313.5702794, "_runtime": 325.58658933639526, "_step": 197, "Model/reward_loss": 0.0037423670291900635, "Model/div": 0.10632885247468948, "Model/av_action_loss": 0.012926354072988033, "Model/reconstruction_loss": 0.069495290517807, "Model/info_loss": 0.0008002843824215233, "Model/pcont_loss": 0.002588056493550539, "Value/Max reward": 0.20214438438415527, "Value/Min reward": -0.13458485901355743, "Value/Reward": -0.00423785112798214, "Value/Discount": 0.9632680416107178, "Value/Value": 0.6617053151130676, "Agent/Returns": 0.6446530818939209, "Policy/Entropy": -0.6103919148445129, "Policy/Mean action": 1.4785001277923584, "Agent/val_loss": 0.007165730465203524, "Agent/actor_loss": -0.008321508765220642, "_wandb": {"runtime": 325}}