{"reward": 0.0, "steps": 450, "_timestamp": 1681854145.0814235, "_runtime": 33.8733766078949, "_step": 10, "Model/reward_loss": 0.015934418886899948, "Model/div": 0.8631238341331482, "Model/av_action_loss": 1.3599251508712769, "Model/reconstruction_loss": 0.7450100779533386, "Model/info_loss": 1.4489654302597046, "Model/pcont_loss": 0.14958244562149048, "Value/Max reward": 0.13093528151512146, "Value/Min reward": -0.3752410411834717, "Value/Reward": -0.13857820630073547, "Value/Discount": 0.9830586910247803, "Value/Value": 0.049379054456949234, "_wandb": {"runtime": 33}}