{"reward": 0.0, "steps": 430, "_timestamp": 1681855980.4419706, "_runtime": 31.95888066291809, "_step": 10, "Model/reward_loss": 0.006021989043802023, "Model/div": 0.7053141593933105, "Model/av_action_loss": 1.3892067670822144, "Model/reconstruction_loss": 0.7811533212661743, "Model/info_loss": 1.3791953325271606, "Model/pcont_loss": 0.10374769568443298, "Value/Max reward": 0.19605576992034912, "Value/Min reward": -0.1499859094619751, "Value/Reward": 0.04557700827717781, "Value/Discount": 0.9874534010887146, "Value/Value": 1.155055284500122, "Agent/Returns": 1.2071911096572876, "_wandb": {"runtime": 31}}