{"reward": 0.0, "steps": 374, "_timestamp": 1681855551.4392328, "_runtime": 32.68577790260315, "_step": 9, "Model/reward_loss": 0.01431309711188078, "Model/div": 0.47163596749305725, "Model/av_action_loss": 2.8237831592559814, "Model/reconstruction_loss": 1.162476658821106, "Model/info_loss": 1.8100855350494385, "Model/pcont_loss": 0.13035613298416138, "Value/Max reward": 0.15555435419082642, "Value/Min reward": -0.11816510558128357, "Value/Reward": 0.030596761032938957, "Value/Discount": 0.9877124428749084, "Value/Value": -0.4366436302661896, "_wandb": {"runtime": 32}}