{"reward": 0.0, "steps": 741, "_timestamp": 1681572617.842333, "_runtime": 137.96249198913574, "_step": 46, "ActionModel/reward_loss": 0.004333237186074257, "ActionModel/div": 0.501791775226593, "ActionModel/av_action_loss": 0.23026734590530396, "ActionModel/reconstruction_loss": 0.0641946867108345, "ActionModel/info_loss": 1.1225653886795044, "ActionModel/pcont_loss": 0.0006096711731515825, "Model/reward_loss": 0.0056945583783090115, "Model/div": 0.21354243159294128, "Model/av_action_loss": 0.3853774666786194, "Model/reconstruction_loss": 0.2922342121601105, "Model/info_loss": 0.8761928081512451, "Model/pcont_loss": 0.02495700493454933, "Value/Max reward": 0.1678938865661621, "Value/Min reward": -0.12274472415447235, "Value/Reward": -0.00986481923609972, "Value/Discount": 0.9811769723892212, "Value/Value": 0.03078748658299446, "Agent/Returns": 0.004627951420843601, "Policy/Entropy": -0.9664851427078247, "Policy/Mean action": 2.0892045497894287, "Agent/val_loss": 0.003262279089540243, "Agent/actor_loss": 0.0034324058797210455, "_wandb": {"runtime": 139}}