{"reward": 0.0, "steps": 457, "_timestamp": 1681855831.4914935, "_runtime": 31.30611538887024, "_step": 7, "Model/reward_loss": 0.014359413646161556, "Model/div": 0.8104729652404785, "Model/av_action_loss": 1.462050437927246, "Model/reconstruction_loss": 0.7945162653923035, "Model/info_loss": 1.634848713874817, "Model/pcont_loss": 0.15146629512310028, "Value/Max reward": 0.15469014644622803, "Value/Min reward": -0.2097664326429367, "Value/Reward": -0.029862891882658005, "Value/Discount": 0.9778321385383606, "Value/Value": 0.8837668299674988, "_wandb": {"runtime": 30}}