{"reward": 0.0, "steps": 479, "_timestamp": 1681665400.659568, "_runtime": 37.912431955337524, "_step": 4, "Model/reward_loss": 0.007447948679327965, "Model/div": 0.6488873362541199, "Model/av_action_loss": 0.9358712434768677, "Model/reconstruction_loss": 0.5202602744102478, "Model/info_loss": 1.0861307382583618, "Model/pcont_loss": 0.015586269088089466, "_wandb": {"runtime": 32}}