{"reward": 0.0, "steps": 1392, "_timestamp": 1681491283.6029084, "_runtime": 597.0674104690552, "_step": 246, "Model/reward_loss": 0.03857208415865898, "Model/div": 0.11645843088626862, "Model/av_action_loss": 0.04140256717801094, "Model/reconstruction_loss": 0.06813345849514008, "Model/info_loss": 0.0009340957622043788, "Model/pcont_loss": 0.0066309706307947636, "Value/Max reward": 0.48473554849624634, "Value/Min reward": -0.10782380402088165, "Value/Reward": 0.12593410909175873, "Value/Discount": 0.9269655346870422, "Value/Value": 6.431145668029785, "Agent/Returns": 6.575596809387207, "Policy/Entropy": -0.19259396195411682, "Policy/Mean action": 3.4705002307891846, "Agent/val_loss": 0.22764670848846436, "Agent/actor_loss": -0.02367342822253704, "ActionModel/reward_loss": 0.032313816249370575, "ActionModel/div": 0.07833791524171829, "ActionModel/av_action_loss": 0.0046685319393873215, "ActionModel/reconstruction_loss": 0.0004039529012516141, "ActionModel/info_loss": 0.01804359070956707, "_wandb": {"runtime": 600}}