{"reward": 0.0, "steps": 284, "_timestamp": 1681856435.9647076, "_runtime": 32.01495671272278, "_step": 8, "Model/reward_loss": 0.006333290133625269, "Model/div": 0.4825937747955322, "Model/av_action_loss": 0.900684654712677, "Model/reconstruction_loss": 0.5301836729049683, "Model/info_loss": 1.0468558073043823, "Model/pcont_loss": 0.08616331964731216, "Value/Max reward": 0.0684846043586731, "Value/Min reward": -0.23071476817131042, "Value/Reward": -0.07811107486486435, "Value/Discount": 0.9935498833656311, "Value/Value": -0.7889548540115356, "Agent/Returns": -0.9516432285308838, "_wandb": {"runtime": 31}}