{"reward": 0.0, "steps": 2503, "_timestamp": 1681660787.6324549, "_runtime": 1339.220624923706, "_step": 599, "ActionModel/reward_loss": 0.033225394785404205, "ActionModel/div": 0.03617025911808014, "ActionModel/av_action_loss": 0.0006529664387926459, "ActionModel/reconstruction_loss": 0.00021779138478450477, "ActionModel/info_loss": 0.04756449535489082, "ActionModel/pcont_loss": 4.2629262679838575e-06, "Model/reward_loss": 0.04517897218465805, "Model/div": 0.07759205996990204, "Model/av_action_loss": 0.06361629068851471, "Model/reconstruction_loss": 0.026548000052571297, "Model/info_loss": 0.00013904186198487878, "Model/pcont_loss": 0.009903110563755035, "Value/Max reward": 1.5948618650436401, "Value/Min reward": -0.16995011270046234, "Value/Reward": 0.19262132048606873, "Value/Discount": 0.9021031260490417, "Value/Value": 4.593175888061523, "Agent/Returns": 4.6576948165893555, "Policy/Entropy": -0.05626828223466873, "Policy/Mean action": 3.8170454502105713, "Agent/val_loss": 0.02801855467259884, "Agent/actor_loss": 0.004124303348362446, "_wandb": {"runtime": 1342}}