{"reward": 0.0, "steps": 510, "_timestamp": 1681581969.204431, "_runtime": 71.00694108009338, "_step": 25, "ActionModel/reward_loss": 0.01738252490758896, "ActionModel/div": 0.16030961275100708, "ActionModel/av_action_loss": 1.1557139158248901, "ActionModel/reconstruction_loss": 1.1656286716461182, "ActionModel/info_loss": 2.5151796340942383, "ActionModel/pcont_loss": 0.10552500188350677, "Model/reward_loss": 0.010063591413199902, "Model/div": 0.2326611429452896, "Model/av_action_loss": 1.2217618227005005, "Model/reconstruction_loss": 0.739057183265686, "Model/info_loss": 1.3602194786071777, "Model/pcont_loss": 0.05506347864866257, "Value/Max reward": 0.14637057483196259, "Value/Min reward": -0.09338033944368362, "Value/Reward": 0.039961837232112885, "Value/Discount": 0.9873411655426025, "Value/Value": 0.170158252120018, "Agent/Returns": 0.2595120668411255, "Agent/val_loss": 0.4238969385623932, "Agent/actor_loss": -0.004428624641150236, "Policy/Entropy": -1.4643462896347046, "Policy/Mean action": 3.125568151473999, "_wandb": {"runtime": 72}}