{"reward": 0.0, "steps": 352, "_timestamp": 1681575112.4698434, "_runtime": 13.58771538734436, "_step": 1, "_wandb": {"runtime": 17}}