{"reward": 1.0, "steps": 3883, "_timestamp": 1681574189.1800556, "_runtime": 1553.2433605194092, "_step": 625, "ActionModel/reward_loss": 0.013417307287454605, "ActionModel/div": 0.03510411083698273, "ActionModel/av_action_loss": 0.0022301916033029556, "ActionModel/reconstruction_loss": 0.00014482926053460687, "ActionModel/info_loss": 0.02084382250905037, "ActionModel/pcont_loss": 4.1011979192262515e-05, "Model/reward_loss": 0.01975107006728649, "Model/div": 0.07090666145086288, "Model/av_action_loss": 0.017954010516405106, "Model/reconstruction_loss": 0.023584099486470222, "Model/info_loss": 0.0005028155283071101, "Model/pcont_loss": 0.001463221269659698, "Value/Max reward": 1.6066648960113525, "Value/Min reward": -0.1801341474056244, "Value/Reward": 0.17754961550235748, "Value/Discount": 0.9340154528617859, "Value/Value": 5.802795886993408, "Agent/Returns": 5.926395893096924, "Policy/Entropy": -0.18418574333190918, "Policy/Mean action": 3.5414772033691406, "Agent/val_loss": 0.047236308455467224, "Agent/actor_loss": 0.04087386280298233, "_wandb": {"runtime": 1555}}