{"reward": 0.0, "steps": 430, "_timestamp": 1681856359.1390579, "_runtime": 32.382675886154175, "_step": 11, "Model/reward_loss": 0.004798234440386295, "Model/div": 0.8437721729278564, "Model/av_action_loss": 1.1516642570495605, "Model/reconstruction_loss": 0.7281621694564819, "Model/info_loss": 1.4581032991409302, "Model/pcont_loss": 0.07685238867998123, "Value/Max reward": 0.19257837533950806, "Value/Min reward": -0.10713271796703339, "Value/Reward": 0.02698768489062786, "Value/Discount": 0.9926866292953491, "Value/Value": -0.8907449245452881, "Agent/Returns": -0.7985973954200745, "_wandb": {"runtime": 31}}