{"reward": 0.0, "steps": 609, "_timestamp": 1681860490.138426, "_runtime": 47.22378706932068, "_step": 8}