{"reward": 0.0, "steps": 297, "_timestamp": 1681854326.532485, "_runtime": 30.268220901489258, "_step": 5, "Model/reward_loss": 0.014703544788062572, "Model/div": 0.10589172691106796, "Model/av_action_loss": 1.1788852214813232, "Model/reconstruction_loss": 0.5251374840736389, "Model/info_loss": 1.1005510091781616, "Model/pcont_loss": 0.012490184046328068, "Value/Max reward": 0.21668317914009094, "Value/Min reward": -0.18230879306793213, "Value/Reward": 0.021182294934988022, "Value/Discount": 0.9957724809646606, "Value/Value": 0.2794361710548401, "_wandb": {"runtime": 29}}