{"reward": 0.0, "steps": 3343, "_timestamp": 1681859808.1264071, "_runtime": 449.7578001022339, "_step": 158, "ActionModel/reward_loss": 0.0006852758233435452, "ActionModel/div": 0.27997133135795593, "ActionModel/av_action_loss": 0.1267630159854889, "ActionModel/reconstruction_loss": 0.013826067559421062, "ActionModel/info_loss": 0.09475335478782654, "ActionModel/pcont_loss": 0.0006540972972288728, "Model/reward_loss": 0.000627164205070585, "Model/div": 0.16961011290550232, "Model/av_action_loss": 0.024128656834363937, "Model/reconstruction_loss": 0.08492378890514374, "Model/info_loss": 0.002100018784403801, "Model/pcont_loss": 0.005610268097370863, "Value/Max reward": 0.13887229561805725, "Value/Min reward": -0.09607420861721039, "Value/Reward": -0.000853152247145772, "Value/Discount": 0.9777074456214905, "Value/Value": 0.6379592418670654, "Agent/Returns": 0.6230508685112, "Agent/val_loss": 0.0010869813850149512, "Agent/actor_loss": -0.007914403453469276, "Policy/Entropy": -0.793228805065155, "Policy/Mean action": 2.66825008392334, "_wandb": {"runtime": 451}}