{"reward": 0.0, "steps": 418, "_timestamp": 1681856654.8599184, "_runtime": 30.195829391479492, "_step": 7, "Model/reward_loss": 0.043955497443675995, "Model/div": 0.024513501673936844, "Model/av_action_loss": 3.937346935272217, "Model/reconstruction_loss": 1.3441720008850098, "Model/info_loss": 1.7668492794036865, "Model/pcont_loss": 0.16886980831623077, "Value/Max reward": 0.18169578909873962, "Value/Min reward": -0.1449897289276123, "Value/Reward": 0.016472227871418, "Value/Discount": 0.9860913157463074, "Value/Value": -1.058432698249817, "Agent/Returns": -0.9635435342788696, "_wandb": {"runtime": 29}}