{"reward": 1.0, "steps": 2235, "_timestamp": 1681857844.693961, "_runtime": 598.3869528770447, "_step": 356, "Model/reward_loss": 0.06394154578447342, "Model/div": 0.11583733558654785, "Model/av_action_loss": 0.04017367213964462, "Model/reconstruction_loss": 0.04482546076178551, "Model/info_loss": 0.0006643955712206662, "Model/pcont_loss": 0.008298792876303196, "Value/Max reward": 1.6861153841018677, "Value/Min reward": -0.11283642053604126, "Value/Reward": 0.22972285747528076, "Value/Discount": 0.9514312744140625, "Value/Value": 10.631763458251953, "Agent/Returns": 10.8135404586792, "Policy/Entropy": -0.17964527010917664, "Policy/Mean action": 3.707750082015991, "Agent/val_loss": 0.2420831024646759, "Agent/actor_loss": -0.012672686018049717, "_wandb": {"runtime": 602}}