{"reward": 0.0, "steps": 1373, "_timestamp": 1681864354.575229, "_runtime": 189.5926330089569, "_step": 46, "ActionModel/reward_loss": 0.0, "ActionModel/div": 0.1070965975522995, "ActionModel/av_action_loss": 0.27772191166877747, "ActionModel/reconstruction_loss": 0.02292279712855816, "ActionModel/info_loss": 0.0, "ActionModel/pcont_loss": 0.0, "Model/reward_loss": 0.006828091107308865, "Model/div": 0.2175634801387787, "Model/av_action_loss": 0.21164889633655548, "Model/reconstruction_loss": 0.2109401971101761, "Model/info_loss": 0.1468757838010788, "Model/pcont_loss": 0.026897164061665535, "_wandb": {"runtime": 190}}