{"reward": 0.0, "steps": 392, "_timestamp": 1681658904.6096034, "_runtime": 36.88088536262512, "_step": 11, "ActionModel/reward_loss": 0.0697958841919899, "ActionModel/div": 0.1144016906619072, "ActionModel/av_action_loss": 4.513880729675293, "ActionModel/reconstruction_loss": 1.7819488048553467, "ActionModel/info_loss": 2.708519458770752, "ActionModel/pcont_loss": 0.20239712297916412, "Model/reward_loss": 0.016101308166980743, "Model/div": 0.11799000948667526, "Model/av_action_loss": 1.2874177694320679, "Model/reconstruction_loss": 0.7329583168029785, "Model/info_loss": 1.2234419584274292, "Model/pcont_loss": 0.1352912038564682, "_wandb": {"runtime": 38}}