{"reward": 0.0, "steps": 454, "_timestamp": 1681859279.1765478, "_runtime": 47.61867380142212, "_step": 11, "ActionModel/reward_loss": 0.011409538798034191, "ActionModel/div": 0.03199078142642975, "ActionModel/av_action_loss": 3.839339017868042, "ActionModel/reconstruction_loss": 1.8450623750686646, "ActionModel/info_loss": 3.0196046829223633, "ActionModel/pcont_loss": 0.12109500914812088, "Model/reward_loss": 0.027889426797628403, "Model/div": 0.01682598888874054, "Model/av_action_loss": 3.6413018703460693, "Model/reconstruction_loss": 1.3823174238204956, "Model/info_loss": 1.8341511487960815, "Model/pcont_loss": 0.10981150716543198, "_wandb": {"runtime": 52}}