{"reward": 0.0, "steps": 486, "_timestamp": 1681856556.1380641, "_runtime": 33.3323700428009, "_step": 10, "Model/reward_loss": 0.008699539117515087, "Model/div": 1.0257765054702759, "Model/av_action_loss": 1.4120280742645264, "Model/reconstruction_loss": 0.7939314246177673, "Model/info_loss": 1.664756178855896, "Model/pcont_loss": 0.09279749542474747, "Value/Max reward": 0.1809641569852829, "Value/Min reward": -0.13269400596618652, "Value/Reward": 0.00565230380743742, "Value/Discount": 0.989586591720581, "Value/Value": 0.46487778425216675, "Agent/Returns": 0.44552987813949585, "_wandb": {"runtime": 32}}