{"reward": 0.0, "steps": 2771, "_timestamp": 1681619719.5406404, "_runtime": 573.6039192676544, "_step": 469, "Model/reward_loss": 0.07110100984573364, "Model/div": 0.07054580003023148, "Model/av_action_loss": 0.07308215647935867, "Model/reconstruction_loss": 0.047439269721508026, "Model/info_loss": 0.004692153073847294, "Model/pcont_loss": 0.01516206655651331, "Value/Max reward": 0.5319910049438477, "Value/Min reward": -0.12736913561820984, "Value/Reward": 0.167385533452034, "Value/Discount": 0.9335631132125854, "Value/Value": 8.722352027893066, "Agent/Returns": 8.92551040649414, "Policy/Entropy": -0.04311003535985947, "Policy/Mean action": 3.5230002403259277, "Agent/val_loss": 0.12321904301643372, "Agent/actor_loss": 0.0031931677367538214, "_wandb": {"runtime": 575}}