{"reward": 0.0, "steps": 427, "_timestamp": 1681856782.8873372, "_runtime": 32.5289261341095, "_step": 8, "Model/reward_loss": 0.03664946183562279, "Model/div": 0.023676062002778053, "Model/av_action_loss": 4.0271897315979, "Model/reconstruction_loss": 1.5250637531280518, "Model/info_loss": 1.793748378753662, "Model/pcont_loss": 0.16682149469852448, "Value/Max reward": 0.18149274587631226, "Value/Min reward": -0.08246873319149017, "Value/Reward": 0.03264106065034866, "Value/Discount": 0.9852396845817566, "Value/Value": 0.00030675838934257627, "Agent/Returns": 0.07871820032596588, "_wandb": {"runtime": 32}}