{"reward": 0.0, "steps": 2237, "_timestamp": 1681619863.4626353, "_runtime": 123.75658917427063, "_step": 84, "Model/reward_loss": 0.003107460681349039, "Model/div": 0.12380898743867874, "Model/av_action_loss": 0.1535203903913498, "Model/reconstruction_loss": 0.1952100545167923, "Model/info_loss": 0.026748251169919968, "Model/pcont_loss": 0.004761671181768179, "Value/Max reward": 0.13737890124320984, "Value/Min reward": -0.07328561693429947, "Value/Reward": 0.02320059947669506, "Value/Discount": 0.9997580051422119, "Value/Value": 0.6035106182098389, "Agent/Returns": 0.688528835773468, "Policy/Entropy": -1.2093181610107422, "Policy/Mean action": 2.767000198364258, "Agent/val_loss": 0.005577379837632179, "Agent/actor_loss": 0.017959225922822952, "_wandb": {"runtime": 124}}