{"reward": 0.0, "steps": 546, "_timestamp": 1681858597.410362, "_runtime": 73.86615109443665, "_step": 15, "ActionModel/reward_loss": 0.006032396107912064, "ActionModel/div": 0.23302002251148224, "ActionModel/av_action_loss": 1.1162495613098145, "ActionModel/reconstruction_loss": 1.1959542036056519, "ActionModel/info_loss": 2.354717493057251, "ActionModel/pcont_loss": 0.12749116122722626, "Value/Max reward": 0.13750889897346497, "Value/Min reward": -0.0962454155087471, "Value/Reward": 0.02003343775868416, "Value/Discount": 0.9909723401069641, "Value/Value": -0.06240865960717201, "Agent/Returns": -0.013006949797272682, "Policy/Entropy": -1.2715747356414795, "Policy/Mean action": 2.4301135540008545, "Model/reward_loss": 0.005601347424089909, "Model/div": 0.16635969281196594, "Model/av_action_loss": 0.6934710741043091, "Model/reconstruction_loss": 0.3517796993255615, "Model/info_loss": 1.0520869493484497, "Model/pcont_loss": 0.03940220922231674, "_wandb": {"runtime": 73}}