{"reward": 0.0, "steps": 429, "_timestamp": 1681858971.1885855, "_runtime": 48.332125425338745, "_step": 12, "ActionModel/reward_loss": 0.004603012930601835, "ActionModel/div": 0.028803231194615364, "ActionModel/av_action_loss": 4.051828861236572, "ActionModel/reconstruction_loss": 1.7757781744003296, "ActionModel/info_loss": 2.7335946559906006, "ActionModel/pcont_loss": 0.11795118451118469, "Model/reward_loss": 0.007759525440633297, "Model/div": 0.7256461381912231, "Model/av_action_loss": 1.4031466245651245, "Model/reconstruction_loss": 0.6639598608016968, "Model/info_loss": 1.268365740776062, "Model/pcont_loss": 0.14193196594715118, "_wandb": {"runtime": 49}}