{"reward": 1.0, "steps": 5679, "_timestamp": 1681585175.0846128, "_runtime": 2010.3386857509613, "_step": 1282, "Model/reward_loss": 0.026820657774806023, "Model/div": 0.07803060859441757, "Model/av_action_loss": 0.03618621453642845, "Model/reconstruction_loss": 0.014811956323683262, "Model/info_loss": 7.778968210914172e-06, "Model/pcont_loss": 0.0052892472594976425, "Value/Max reward": 8.449853897094727, "Value/Min reward": -0.11421655118465424, "Value/Reward": 0.3024481534957886, "Value/Discount": 0.8974360227584839, "Value/Value": 5.926232814788818, "Agent/Returns": 6.090528964996338, "Policy/Entropy": -0.12730373442173004, "Policy/Mean action": 4.396500110626221, "Agent/val_loss": 0.10119298100471497, "Agent/actor_loss": 0.013379941694438457, "_wandb": {"runtime": 2010}}