{"reward": 0.0, "steps": 1160, "_timestamp": 1681860419.012749, "_runtime": 232.33714294433594, "_step": 40, "Model/reward_loss": 0.0018979153828695416, "Model/div": 0.14527586102485657, "Model/av_action_loss": 0.09094611555337906, "Model/reconstruction_loss": 0.15742811560630798, "Model/info_loss": 0.01712096482515335, "Model/pcont_loss": 0.011936183087527752, "ActionModel/reward_loss": 0.0, "ActionModel/div": 0.07688619196414948, "ActionModel/av_action_loss": 0.09155561774969101, "ActionModel/reconstruction_loss": 0.013931913301348686, "ActionModel/info_loss": 0.0, "ActionModel/pcont_loss": 0.0, "_wandb": {"runtime": 238}}