{"reward": 1.0, "steps": 5838, "_timestamp": 1681662849.9185927, "_runtime": 1666.2377297878265, "_step": 1056, "Model/reward_loss": 0.041351061314344406, "Model/div": 0.08310167491436005, "Model/av_action_loss": 0.014811031520366669, "Model/reconstruction_loss": 0.02222217433154583, "Model/info_loss": 0.0001331851090071723, "Model/pcont_loss": 0.005072802305221558, "Value/Max reward": 8.907726287841797, "Value/Min reward": -0.09853535890579224, "Value/Reward": 0.21791882812976837, "Value/Discount": 0.9270336627960205, "Value/Value": 7.1129069328308105, "Agent/Returns": 7.321285247802734, "Policy/Entropy": -0.07512688636779785, "Policy/Mean action": 3.814772605895996, "Agent/val_loss": 0.08423439413309097, "Agent/actor_loss": 0.009916511364281178, "_wandb": {"runtime": 1676}}